cjis,statutory_code,code_type,literal_display,t,lei,hier,sc,offense_descr,parens,PC1192_7_C,PC1192_8,PC667_5,code_section
35055,11502,HS,OVER 21 FURN NARCO TO MNR,F,0,9700,12,11502 HS-OVER 21 FURNISH NARCOTIC TO MINOR,NA,TRUE,NA,NA,F_HS_11502
13118,241.4,PC,ASLT SCHOOL DISTRICT PO,F,344,41000,6,241.4 PC-ASSAULT SCHOOL DISTRICT PEACE OFFICER,NA,TRUE,NA,NA,F_PC_241.4
11104,264(C)(1),PC,RAPE:UPON CHILD-14 YRS,F,635,2494,4,264(C)(1) PC-RAPE:UPON CHILD UNDER 14 YEARS,NA,TRUE,NA,NA,F_PC_264(C)(1)
11105,264(C)(2),PC,RAPE:MINOR 14+ YEARS,F,635,2497,4,264(C)(2) PC-RAPE:MINOR 14 YEARS OR OLDER,NA,TRUE,NA,NA,F_PC_264(C)(2)
36041,286(B)(1),PC,SODOMY:PERSON UNDER 18,F,733,37805,4,286(B)(1) PC-SODOMY W/PERSON UNDER 18 YEARS,NA,TRUE,NA,NA,F_PC_286(B)(1)
36042,286(B)(2),PC,SODOMY:PERSON UNDER 16,F,733,37805,4,286(B)(2) PC-SODOMY W/PERSON UNDER 16 YEARS,NA,TRUE,NA,NA,F_PC_286(B)(2)
36045,286(E),PC,SDMY:WHILE IN PRISON/JAIL,F,734,37810,4,286(E) PC-SODOMY WHILE CONFINED IN PRISON/JAIL,NA,TRUE,NA,NA,F_PC_286(E)
36061,286(F),PC,SODOMY:VICT UNCONS OF ACT,F,734,5800,4,286(F) PC-SODOMY:VICTIM UNCONSC NATURE OF ACT,NA,TRUE,NA,NA,F_PC_286(F)
36062,286(G),PC,SDMY:VICT INCAPBL:CONSENT,F,734,5800,4,286(G) PC-SODOMY:VICTIM INCAPABLE OF CONSENT,NA,TRUE,NA,NA,F_PC_286(G)
36087,286(I),PC,SODOMY:NO OK:VICT DRUGGED,F,734,5800,4,286(I) PC-SDMY:NO OK:DRUG VICT & DEF:MNTL FAC,NA,TRUE,NA,NA,F_PC_286(I)
36099,286(K),PC,SOD:AUTH THRET AREST/DPRT,F,734,5800,4,286(K) PC-SODOMY:AUTHRITY THREAT:ARREST/DEPORT,NA,TRUE,NA,NA,F_PC_286(K)
36103,286(H),PC,SDMY:VIC/DEF IN MNTL INST,F,734,37810,4,286(H) PC-SDMY:W/O CNSENT:VICT/DEF:MENTL INST,NA,TRUE,NA,NA,F_PC_286(H)
36120,286(J),PC,SOD:VIC THINKS ITS SPOUSE,F,734,5800,4,286(J) PC-SODOMY:VICTIM THINKS PRSN IS SPOUSE,NA,TRUE,NA,NA,F_PC_286(J)
36251,286(F)(1),PC,SODOMY:VIC UNCONSC/ASLEEP,F,734,5800,4,286(F)(1) PC-SODOMY:VICT UNCONSCIOUS/ASLEEP,NA,TRUE,NA,NA,F_PC_286(F)(1)
36252,286(F)(2),PC,SODOMY:VICTIM NOT AWARE,F,734,5800,4,286(F)(2) PC-SODOMY:VICTIM NOT AWARE/COGN,NA,TRUE,NA,NA,F_PC_286(F)(2)
36253,286(F)(3),PC,SDMY:VIC UNAWARE:PERP FRD,F,734,5800,4,NA,NA,TRUE,NA,NA,F_PC_286(F)(3)
36254,286(F)(4),PC,SDMY:VIC UNAWRE:PRO PURP,F,734,5800,4,NA,NA,TRUE,NA,NA,F_PC_286(F)(4)
36290,286(J),PC,SODOMY:VICT KNOWS PERSON,F,734,5800,4,NA,NA,TRUE,NA,NA,F_PC_286(J)
9181,18930,US,ATEMPT/MURDER:FED FACILTY,F,92,179000,26,18 930 US-ATTEMPT/MURDER:FEDERAL FACILITY,NA,TRUE,NA,TRUE,F_US_18930
9183,181111,US,MURDER 1ST DEGREE,F,92,179000,26,18 1111 US-MURDER FIRST DEGREE,NA,NA,NA,TRUE,F_US_181111
10018,181201,US,KIDNAPPING,F,92,179000,26,18 1201 US-KIDNAP:RANSOM/ETC:SPEC CIRC,NA,TRUE,NA,TRUE,F_US_181201
12038,182113(A),US,BANK/ETC ROBBERY,F,92,179000,26,18 2113(A) US-BANK/ETC ROBBERY,NA,TRUE,NA,TRUE,F_US_182113(A)
1004,37,PC,TREASON,F,905,1000,25,37 PC-TREASON,NA,NA,NA,TRUE,F_PC_37
1009,37(A),PC,TREASON,F,905,1000,25,37(A) PC-TREASON,NA,NA,NA,TRUE,F_PC_37(A)
21005,518,PC,EXTORTION,F,960,20100,25,518 PC-EXTORTION,NA,NA,NA,TRUE,F_PC_518
29123,422.7(B),PC,VIOL CIV RGTS:PROP DAMAGE,F,63,77650,25,422.7(B) PC-VIOLATE CIVIL RIGHTS:PROP DAMAGE,NA,TRUE,NA,NA,F_PC_422.7(B)
46023,653F(B),PC,SOLICIT TO COMMIT MURDER,F,995,4900,25,653F(B) PC-SOLICIT TO COMMIT MURDER,NA,TRUE,NA,TRUE,F_PC_653F(B)
48056,136.1,PC,PREVENT/DISSUADE WIT/VICT,F,981,19700,25,136.1 PC-PREVENT/DISSUADE WITNESS/VICTIM,NA,TRUE,NA,TRUE,F_PC_136.1
48058,136.1(C)(1),PC,INTIMIDATE WIT/VICT,F,981,19700,25,136.1(C)(1)PC-PREVNT/DISUADE WITNS THREAT/FORC,NA,TRUE,NA,NA,F_PC_136.1(C)(1)
48061,136.1(C),PC,PREVNT/DISS WIT/VIC FORCE,F,0,19700,25,136.1(C) PC-PRVNT/DISSUADE WIT/VIC FORCE/ETC,NA,TRUE,NA,TRUE,F_PC_136.1(C)
48067,136.1(C)(2),PC,INTIMIDATE WIT/VICT,F,981,19700,25,136.1(C)(2) PC-PRVNT/DISUADE WITNS/VICTM:CONSP,NA,TRUE,NA,TRUE,F_PC_136.1(C)(2)
48068,136.1(C)(3),PC,INTIM WIT/VICT:PR CONV,F,981,19700,25,136.1(C)(3) PC-PRVNT/DISUADE WIT/VICT:PR CONV,NA,TRUE,NA,TRUE,F_PC_136.1(C)(3)
48069,136.1(C)(4),PC,INTIMIDATE WIT/VICT,F,981,19700,25,136.1(C)(4) PC-PRVNT/DISUADE WIT/ETC FOR GAIN,NA,TRUE,NA,TRUE,F_PC_136.1(C)(4)
48081,2800.3,VC,EVADE PO:CAUSE SBI/DEATH,F,865,22600,25,2800.3 VC-EVADE PEACE OFFICER:CAUSE SBI/DEATH,NA,TRUE,TRUE,NA,F_VC_2800.3
48116,136.1(A)(1),PC,PRVENT/DISUADE VIC/WITNES,F,981,46300,25,136.1(A)(1) PC-PREVENT/DISSUADE VICTIM/WITNESS,NA,TRUE,NA,TRUE,F_PC_136.1(A)(1)
48117,136.1(A)(2),PC,ATT PRVNT/DISUADE VIC/WIT,F,981,46300,25,136.1(A)(2) PC-ATT PREVENT/DISSUADE VICT/WIT,NA,TRUE,NA,TRUE,F_PC_136.1(A)(2)
48118,136.1(B)(1),PC,ATT PRVNT/ETC VIC/ETC:RPT,F,981,46300,25,136.1(B)(1) PC-ATT PRVNT/ETC VICTIM/ETC:REPORT,NA,TRUE,NA,TRUE,F_PC_136.1(B)(1)
48119,136.1(B)(2),PC,ATT STOP VIC/ETC:PROSCUTE,F,981,46300,25,136.1(B)(2) PC-ATTEMP PREVNT VIC/ETC PROSECUTE,NA,TRUE,NA,TRUE,F_PC_136.1(B)(2)
48120,136.1(B)(3),PC,ATT STOP VIC/ETC:SEK ARST,F,981,46300,25,136.1(B)(3) PC-ATT STOP VICTIM/ETC SEEK ARREST,NA,TRUE,NA,TRUE,F_PC_136.1(B)(3)
52400,12700(B)(3),HS,"POS DNG F/WRKS-100+5,000P",F,995,74100,25,"12700(B)(3) HS-POS DANG F/WRKS-100/+5,000PDS",NA,TRUE,NA,NA,F_HS_12700(B)(3)
54065,23104(B),VC,RECK DRIV:GBI:SP/PR/CNVCT,F,865,63400,25,23104(B) VC-RECK DRIV CAUSE GBI W/SPEC PR CONV,NA,TRUE,TRUE,NA,F_VC_23104(B)
66062,186.22(A),PC,PARTICIPATE:CRIM ST GANG,F,985,77820,25,186.22(A) PC-PARTICIPATE IN CRIM STREET GANG,NA,TRUE,NA,TRUE,F_PC_186.22(A)
66074,186.22,PC,CRIM ST GANG:SPEC CIRC,F,985,77820,25,186.22 PC-PRTCPATE IN CRIM ST GANG:SPEC CIRC,NA,TRUE,NA,TRUE,F_PC_186.22
66131,186.22(D),PC,CRIM ST GANG:PUB OFF CONV,F,985,78090,25,186.22(D) PC-CRIM STREET GANG:W/PUB OFF CONV,NA,TRUE,NA,NA,F_PC_186.22(D)
66149,186.22(B)(1),PC,PROMOTE/ETC CRIM ST GANG,F,985,21400,25,186.22(B)(1) PC-PROMOTE/ETC FEL CRIM ST GANG,NA,TRUE,NA,NA,F_PC_186.22(B)(1)
20018,451(A),PC,ARSON CAUSING GBI,F,927,3800,24,451(A) PC-ARSON CAUSING GREAT BODILY INJURY,NA,TRUE,NA,TRUE,F_PC_451(A)
20019,451(B),PC,ARSON:INHABITED STRUCTURE,F,920,7200,24,451(B) PC-ARSON:INHABITED STRUCTURE/PROPERTY,NA,TRUE,NA,TRUE,F_PC_451(B)
20020,451(C),PC,ARSON:FOREST LAND,F,921,13200,24,451(C) PC-ARSON:STRUCTURE/FOREST LAND,NA,TRUE,NA,NA,F_PC_451(C)
20026,453(A),PC,POS/ETC ARSON MATERIL/DEV,F,922,69000,24,453(A) PC-POSS/ETC MATERIAL/DEVICE FOR ARSON,NA,TRUE,NA,NA,F_PC_453(A)
20028,455,PC,AID IN ARSON,F,923,34300,24,455 PC-ATTEMPT/AID/COUNSEL/PROCURE ARSON,NA,TRUE,NA,NA,F_PC_455
20036,451(D),PC,ARSON:PROPERTY,F,924,36900,24,451(D) PC-ARSON:PROPERTY,NA,TRUE,NA,NA,F_PC_451(D)
20038,454(A)(1),PC,ARSON:STATE OF INSURRECTN,F,925,8500,24,454(A)(1) PC-ARSON:STATE OF INSURRECTION,NA,TRUE,NA,NA,F_PC_454(A)(1)
20039,454(A)(2),PC,ARSON:STATE EMERGENCY,F,925,8500,24,454(A)(2) PC-ARSON DURING STATE EMERGENCY,NA,TRUE,NA,NA,F_PC_454(A)(2)
20041,451.5(A)(1),PC,AGGRAVATED ARSON W/PRIOR,F,927,2490,24,451.5(A)(1) PC-AGGRAVATED ARSON WITH PRIOR,NA,TRUE,NA,TRUE,F_PC_451.5(A)(1)
20052,451.5(A),PC,AGGRAVATED ARSON,F,924,2490,24,451.5(A) PC-AGGRAVATED ARSON,NA,TRUE,NA,TRUE,F_PC_451.5(A)
20053,451.5(A)(2)(A),PC,"AGG ARSON:+$5,000,000 PD",F,924,2490,24,"451.5(A)(2)(A) PC-AGG ARSON:+$5,000,000PRP DMG",NA,TRUE,NA,TRUE,F_PC_451.5(A)(2)(A)
20054,451.5(A)(3),PC,AGG ARSON:5+ INHAB STRUCT,F,920,2490,24,451.5(A)(3) PC-AGG ARSON:5+ INHAB STRUCTURES,NA,TRUE,NA,TRUE,F_PC_451.5(A)(3)
20055,451.5,PC,AGGRAVATED ARSON,F,924,2490,24,451.5 PC-AGGRAVATED ARSON,NA,TRUE,NA,TRUE,F_PC_451.5
20059,451.5(A)(2)(A),PC,"AGG ARSON:+$6,500,000PD",F,924,2490,24,"451.5(A)(2)(A) PC-AGG ARSON:+$6,500,000PRP DMG",NA,TRUE,NA,TRUE,F_PC_451.5(A)(2)(A)
42065,23153,VC,DUI ALCOHL/DRG W/DETH/GBI,F,0,37600,20,23153 VC-DUI ALCOHOL/DRUGS W/DEATH/BODILY INJ,NA,TRUE,NA,NA,F_VC_23153
42066,23153(B),VC,DUI .10 ALCOHL W/DETH/GBI,F,0,37600,20,23153(B) VC-DUI .10 ALCOHOL W/DEATH/BODILY INJ,NA,TRUE,TRUE,NA,F_VC_23153(B)
42067,23153(A),VC,DUI ALC/DRUG W/DEATH/GBI,F,0,37600,20,23153(A) VC-DUI ALCOHOL/DRUGS W/DEATH/BOD INJ,NA,TRUE,TRUE,NA,F_VC_23153(A)
42068,23153(A)&(B),VC,DUI ALC/DRUG DEATH/INJURY,F,0,37600,20,23153(A)&(B) VC-DUI ALCOHOL/DRUGS DEATH/INJURY,NA,NA,TRUE,NA,F_VC_23153(A)&(B)
42069,23153(A),VC,DUI:ALC/DRUG:RSLT:BOD INJ,F,850,37600,20,23153(A) VC-DUI ALCOHOL/DRUGS CAUSE BODILY INJ,NA,NA,TRUE,NA,F_VC_23153(A)
42070,23153(B),VC,DUI .10 ALCOHOL W/GBI,F,850,37600,20,23153(B) VC-DUI .10 ALCOHOL CAUSE BODILY INJ,NA,TRUE,TRUE,NA,F_VC_23153(B)
42071,23153(A)&(B),VC,DUI ALC/DRUGS:GBI,F,0,37600,20,23153(A)&(B) VC-DUI ALCOHOL/DRUGS:BODILY INJ,NA,TRUE,TRUE,NA,F_VC_23153(A)&(B)
42074,23153(B),VC,DUI .08 ALCOHOL:BODLY INJ,F,850,37600,20,23153(B) VC-DUI .08 ALCOHOL:CAUSE BODILY INJ,NA,NA,TRUE,NA,F_VC_23153(B)
42076,23153(D),VC,DUI:ALC .04:CMRCL VEH:INJ,F,850,37600,20,23153(D) VC-DUI:ALC .04:COMMERCIAL VEH:W/INJ,NA,NA,TRUE,NA,F_VC_23153(D)
42107,23153(A),VC,DUI ALCOHOL:CAUSE BOD INJ,F,850,37600,20,23153(A) VC-DUI ALCOHOL:CAUSING BODILY INJURY,NA,NA,TRUE,NA,F_VC_23153(A)
42109,23153(F),VC,DUI ALC/DRUG:CAUS BOD INJ,F,850,37600,20,23153(F) VC-DUI ALCOHOL/DRUGS:CAUSE BODILY INJ,NA,NA,TRUE,NA,F_VC_23153(F)
42119,23153(F),VC,DUI DRUG:CAUSE BODILY INJ,F,850,37600,20,23153(F) VC-DUI ANY DRUG:CAUSE BODILY INJURY,NA,NA,TRUE,NA,F_VC_23153(F)
42121,23153(G),VC,DUI ALC/DRUG:CAUS BOD INJ,F,850,37600,20,23153(G) VC-DUI ALC/DRUG:CAUSE BODILY INJURY,NA,NA,TRUE,NA,F_VC_23153(G)
52178,12034(C),PC,SHOOT AT PERSON FROM VEH,F,844,7600,19,12034(C) PC-DISCHARG FIREARM FROM VEH AT PERSN,NA,TRUE,NA,NA,F_PC_12034(C)
52181,12021.1(A),PC,POS F/ARM VIOL:MURDER/ETC,F,841,31910,19,12021.1(A) PC-POSS F/ARM W/PR VIOL:MURDER/ETC,NA,NA,NA,TRUE,F_PC_12021.1(A)
52490,26100(C),PC,SHOOT AT PERSON FROM VEH,F,844,7600,19,26100(C) PC-DISCHARG FIREARM FROM VEH AT PERSN,NA,TRUE,NA,NA,F_PC_26100(C)
52491,26100(D),PC,DISCHARGE F/ARM FROM VEH,F,844,64500,19,26100(D) PC-DISCHARGE FIREARM FROM VEHICLE,NA,TRUE,NA,NA,F_PC_26100(D)
11028,289(A),PC,SEX PENTR:FORN OBJ W/FORC,F,705,6200,18,289(A) PC-SEXUAL PENETRATN FOREIGN OBJ W/FORCE,NA,TRUE,NA,TRUE,F_PC_289(A)
13111,220,PC,ASLT TO COMMIT ORAL COP,F,710,12100,18,220 PC-ASSAULT TO COMMIT ORAL COPULATION,NA,TRUE,NA,TRUE,F_PC_220
13113,220,PC,ASLT:PENETRATE W/OBJECT,F,705,12000,18,220 PC-ASSAULT TO PENETRATE W/FOREIGN OBJECT,NA,NA,NA,TRUE,F_PC_220
36012,288A,PC,ORAL COPULATION,F,0,37835,18,288A PC-ORAL COPULATION,NA,NA,NA,TRUE,F_PC_288A
36135,286(C)(2),PC,SODOMY:-14 OR W/FORCE:INJ,F,732,5800,18,286(C)(2) PC-SODOMY:-14YRS OR W/FORCE:INJURY,NA,NA,NA,TRUE,F_PC_286(C)(2)
40004,266,PC,ENTICE MIN FEM: PROSTITU,F,790,37840,18,266 PC-ENTICE MINOR FEMALE FOR PROSTITUTN/ETC,NA,TRUE,NA,NA,F_PC_266
11031,261.5,PC,RAPE,F,0,5400,17,261.5 PC-RAPE,NA,TRUE,NA,NA,F_PC_261.5
11065,220,PC,ASLT:COMIT LEWD/LASC:CHLD,F,700,11900,16,220 PC-ASSAULT TO COMMIT LEWD/LASC ACT:CHILD,NA,TRUE,NA,TRUE,F_PC_220
13112,220,PC,ASLT:COMMIT L&L ON CHILD,F,700,11900,16,220 PC-ASSAULT:COMMIT LEWD/LASC ACT ON CHILD,NA,NA,NA,TRUE,F_PC_220
36055,288(A),PC,L&L W/CHILD UNDER 14,F,700,6000,16,288(A) PC-LEWD OR LASCIV ACTS W/CHILD UNDER 14,NA,NA,NA,TRUE,F_PC_288(A)
36058,288(B),PC,L&L W/CHILD U/14 W/FORCE,F,700,6000,16,288(B) PC-LEWD/LASCIV ACT W/CHILD -14:FORCE,NA,NA,NA,TRUE,F_PC_288(B)
36082,288(C),PC,L&L W/CHILD 14 OR 15,F,700,77900,16,288(C) PC-LEWD/LASCIV ACTS W/CHILD OF 14/15,NA,TRUE,NA,NA,F_PC_288(C)
36083,288.5,PC,CONTINUED SEX ABUSE/CHILD,F,0,2500,16,288.5 PC-CONTINUOUS SEXUAL ABUSE OF CHILD,NA,TRUE,NA,TRUE,F_PC_288.5
36084,288.5(A),PC,CONT SEX ABUSE OF CHILD,F,700,2500,16,288.5(A) PC-CONTINUOUS SEXUAL ABUSE OF CHILD,NA,TRUE,NA,TRUE,F_PC_288.5(A)
36109,288(B)(1),PC,L&L W/CHILD -14:FORCE/ETC,F,700,6000,16,288(B)(1) PC-L&L ACTS WITH CHILD -14:FORCE/ETC,NA,TRUE,NA,TRUE,F_PC_288(B)(1)
36110,288(B)(2),PC,CTAKR L&L DEP ADL:FRC/ETC,F,700,6000,16,288(B)(2) PC-CARETKR:L&L ACT:DEP ADLT:FRC/ETC,NA,TRUE,NA,TRUE,F_PC_288(B)(2)
36111,288(C)(1),PC,L&L ACTS W/CHILD:AGE SPEC,F,700,77900,16,288(C)(1) PC-L&L ACTS W/CHILD:AGE SPECIFIC,NA,TRUE,NA,NA,F_PC_288(C)(1)
36112,288(C)(2),PC,L&L W/DEP ADLT BY CARETKR,F,700,77900,16,288(C)(2) PC-L&L ACT W/DEP ADULT BY CARETAKER,NA,TRUE,NA,NA,F_PC_288(C)(2)
37026,266J,PC,PROCURE CHILD UND 14 L&L,F,700,5900,16,266J PC-PROCURE/ETC CHILD UNDR 14 FOR LEWD ACT,NA,TRUE,NA,NA,F_PC_266J
37042,266J,PC,PROCURE CHILD UND 16 L&L,F,700,5900,16,266J PC-PROCURE/ETC CHILD UNDR 16 FOR LEWD ACT,NA,TRUE,NA,NA,F_PC_266J
35210,11380.5,HS,FURN/ETC MNR W/PHENCYDLID,F,820,8300,14,11380.5 HS-FURN/ETC MINOR WITH PHENCYCLIDINE,NA,TRUE,NA,NA,F_HS_11380.5
35211,11380.5(A),HS,FURNISH MINOR W/PCP,F,820,8300,14,11380.5(A) HS-FURN/ETC MINOR W/PHENCYCLIDINE,NA,TRUE,NA,NA,F_HS_11380.5(A)
23189,487(D)(2),PC,GRAND THEFT:FIREARM,NA,500,46500,9,487(D)(2) PC-GRAND THEFT:FIREARM,NA,TRUE,NA,NA,NA_PC_487(D)(2)
26120,25541,CC,FRAUD:USE DEVICE/SCHEME,F,550,14710,9,25541 CC-USE OF DEVICE/SCHEME/ETC TO DEFRAUD,NA,TRUE,NA,NA,F_CC_25541
55127,7051,HS,REMOVE HUMAN REMAIN:UNLAW,F,501,46200,9,7051 HS-UNLAWFUL REMOVAL HUMAN REMAINS,NA,TRUE,NA,NA,F_HS_7051
22006,460.1,PC,BURGLARY:FIRST DEGREE,F,410,12900,8,460.1 PC-BURGLARY:FIRST DEGREE,NA,TRUE,NA,NA,F_PC_460.1
22009,461.1,PC,BURGLARY:FIRST DEGREE,F,410,12900,8,461.1 PC-BURGLARY:FIRST DEGREE,NA,TRUE,NA,NA,F_PC_461.1
22021,459,PC,BURGLARY:FIRST DEGREE,F,410,12900,8,459 PC-BURGLARY:FIRST DEGREE,NA,TRUE,NA,NA,F_PC_459
22122,459/12022.7,PC,BURGLARY WITH GBI,F,0,37390,8,NA,NA,TRUE,NA,TRUE,F_PC_459/12022.7
22124,460(A),PC,BURGLARY:FIRST DEGREE,F,410,12900,8,460(A) PC-BURGLARY:FIRST DEGREE,NA,TRUE,NA,TRUE,F_PC_460(A)
10004,207,PC,KIDNAPPING,F,0,7000,7,207 PC-KIDNAPPING,NA,NA,NA,TRUE,F_PC_207
10005,208,PC,KIDNAPPING,F,0,7000,7,208 PC-KIDNAPPING,NA,NA,NA,TRUE,F_PC_208
10006,209,PC,KIDNAPPING FOR RANSOM,F,0,2000,7,209 PC-KIDNAPPING FOR RANSOM,NA,TRUE,NA,TRUE,F_PC_209
10009,4503,PC,CONFINED PRSN HOLD HOSTGE,F,884,8000,7,4503 PC-CONFINED PERSON HOLDS HOSTAGE,NA,TRUE,NA,NA,F_PC_4503
10011,209(A),PC,KIDNAPPING FOR RANSOM,F,880,2000,7,209(A) PC-KIDNAPPING FOR RANSOM,NA,TRUE,NA,TRUE,F_PC_209(A)
10012,209(B),PC,KIDNAP TO COMMIT ROBBERY,F,880,2000,7,209(B) PC-KIDNAPPING TO COMMIT ROBBERY,NA,TRUE,NA,TRUE,F_PC_209(B)
10013,207/12022.5,PC,KIDNAP W/USE OF FIREARM,F,0,6995,7,207/12022.5 PC-KIDNAP W/USE OF FIREARM,NA,TRUE,NA,TRUE,F_PC_207/12022.5
10015,207/12022(B),PC,KIDNAP W/USE DEADLY WPN,F,0,6994,7,207/12022(B) PC-KIDNAP W/USE DEADLY WEAPON,NA,TRUE,NA,NA,F_PC_207/12022(B)
10016,207(A),PC,KIDNAPPING,F,881,7000,7,207(A) PC-KIDNAPPING,NA,TRUE,NA,TRUE,F_PC_207(A)
10017,207(B),PC,KIDNAP -14 TO COM L&L,F,881,2700,7,207(B) PC-KIDNAPPING:SPECIFIC CIRCUMSTANCES,NA,TRUE,NA,TRUE,F_PC_207(B)
10019,207(C),PC,KIDNAP:FORC/ETC:TAKE O/ST,F,881,7000,7,207(C) PC-KIDNAPPING:SPECIFIC CIRCUMSTANCES,NA,TRUE,NA,TRUE,F_PC_207(C)
10021,208(B),PC,KIDNAP CHILD UNDER 14 YRS,F,881,2800,7,208(B) PC-KIDNAPPING CHILD UNDER 14 YEARS OLD,NA,TRUE,NA,NA,F_PC_208(B)
10022,207(D),PC,KIDNAP:FORC/ETC:INTO CA,F,881,7000,7,207(D) PC-KIDNAP FORCE/FRAUD:INTER/INTRA STATE,NA,TRUE,NA,NA,F_PC_207(D)
10024,209.5(A),PC,KIDNAP DURING CARJACKING,F,891,2020,7,209.5(A) PC-KIDNAP DURING CARJACKING,NA,TRUE,NA,TRUE,F_PC_209.5(A)
10025,209(B)(1),PC,KIDNAP:COMIT ROB/RAPE/ETC,F,880,2000,7,209(B)(1) PC-KIDNAP:COMMIT ROBBERY/RAPE/ETC,NA,TRUE,NA,TRUE,F_PC_209(B)(1)
10026,209.5(B),PC,KIDNAP/CARJACK:VICT MOVED,F,891,2020,7,209.5(B) PC-KIDNAP/CARJACK:VICTIM MOVED,NA,TRUE,NA,TRUE,F_PC_209.5(B)
10028,209(B)(1),PC,KIDNAP TO COMMIT RAPE,F,880,2000,7,209(B)(1) PC-KIDNAP TO COMMIT RAPE,NA,TRUE,NA,TRUE,F_PC_209(B)(1)
10029,209(B)(1),PC,KIDNAP TO COMMIT ROBBERY,F,880,2000,7,209(B)(1) PC-KIDNAP TO COMMIT ROBBERY,NA,TRUE,NA,TRUE,F_PC_209(B)(1)
9189,664/187(A),PC,ATTEMPTED MURDER,F,300,2900,6,664/187(A) PC-ATTEMPTED MURDER,NA,TRUE,NA,TRUE,F_PC_664/187(A)
9190,664/187(A),PC,ATT MURDER:SECOND DEGREE,F,300,2900,6,664/187(A) PC-ATTEMPTED MURDER:SECOND DEGREE,NA,TRUE,NA,TRUE,F_PC_664/187(A)
9191,664/187(A),PC,ATT MURDER:FIRST DEGREE,F,300,2900,6,664/187(A) PC-ATTEMPTED MURDER:FIRST DEGREE,NA,TRUE,NA,TRUE,F_PC_664/187(A)
9192,664/187(A),PC,ATT MURDER:PREMEDITATED,F,300,2100,6,664/187(A) PC-ATTEMPTED MURDER:PREMEDITATED,NA,TRUE,NA,TRUE,F_PC_664/187(A)
9193,664/187(A),PC,ATT MURDER:SEC DEG ON PO,F,300,1750,6,664/187(A) PC-ATT MURDER:SEC DEG ON PEACE OFF,NA,TRUE,NA,TRUE,F_PC_664/187(A)
9194,664/189,PC,ATT MURDER:FIRST DEGREE,F,300,2900,6,664/189 PC-ATTEMPTED MURDER:FIRST DEGREE,NA,TRUE,NA,TRUE,F_PC_664/189
9195,664/189,PC,ATT MURDER:SECOND DEGREE,F,300,2900,6,NA,NA,TRUE,NA,TRUE,F_PC_664/189
9196,664/189,PC,ATTEMPTED MURDER,F,300,2900,6,664/189 PC-ATTEMPTED MURDER,NA,TRUE,NA,TRUE,F_PC_664/189
13005,203,PC,MAYHEM,F,330,10900,6,203 PC-MAYHEM,NA,TRUE,NA,TRUE,F_PC_203
13006,204,PC,MAYHEM,F,330,11000,6,204 PC-MAYHEM,NA,TRUE,NA,TRUE,F_PC_204
13008,217,PC,ASLT W/INTENT TO MURDER,F,0,11200,6,217 PC-ASSAULT W/INTENT TO MURDER,NA,NA,NA,TRUE,F_PC_217
13010,218,PC,ATTEMPT TRAIN WRECKING,F,391,1600,6,218 PC-ATTEMPT TRAIN WRECKING,NA,TRUE,NA,TRUE,F_PC_218
13011,219,PC,TRAIN WRECKING,F,391,1500,6,219 PC-TRAIN WRECKING,NA,TRUE,NA,TRUE,F_PC_219
13016,220,PC,ASSAULT TO COMMIT MAYHEM,F,330,12300,6,220 PC-ASSAULT TO COMMIT MAYHEM,NA,TRUE,NA,TRUE,F_PC_220
13029,244,PC,ASLT W/CAUSTIC CHEM/ETC,F,384,16000,6,244 PC-ASSAULT WITH CAUSTIC CHEMICAL/ETC,NA,TRUE,NA,NA,F_PC_244
13032,245(B),PC,ADW PEACE OFFICER/FIREMAN,F,0,9200,6,245(B) PC-ADW PEACE OFFICER/FIREMAN,NA,TRUE,NA,NA,F_PC_245(B)
13033,246,PC,SHOOT AT OCCUPIED DWELL,F,0,22700,6,246 PC-SHOOT AT OCCUPIED DWELLING,NA,TRUE,NA,NA,F_PC_246
13036,4500,PC,ASSAULT BY LIFE PRISONER,F,352,1400,6,4500 PC-ASSAULT BY LIFE PRISONER,NA,TRUE,NA,TRUE,F_PC_4500
13037,4501,PC,ADW BY PRISONER,F,351,11400,6,4501 PC-ASSAULT BY PRISONER,NA,TRUE,NA,NA,F_PC_4501
13038,4501.5,PC,BATTERY BY PRISONER,F,350,15600,6,4501.5 PC-BATTERY BY PRISONER,NA,TRUE,NA,NA,F_PC_4501.5
13068,245,PC,ADW PEACE OFFICER/FIREMAN,F,0,9200,6,245 PC-ADW PEACE OFFICER/FIREMAN,NA,TRUE,NA,NA,F_PC_245
13069,245(A)/12022.5,PC,ADW W/USE OF FIREARM,F,0,22395,6,245(A)/12022.5 PC-ADW W/USE OF FIREARM,NA,NA,NA,TRUE,F_PC_245(A)/12022.5
13071,245(A)/12022.7,PC,ADW WITH GREAT BODILY INJ,F,0,22394,6,245(A)/12022.7 PC-ADW WITH GBI,NA,NA,NA,TRUE,F_PC_245(A)/12022.7
13105,245.3,PC,ADW ON CUSTODIAL OFF:GBI,F,320,9400,6,245.3 PC-ADW W/LIKELY GBI ON CUSTODIAL OFFICER,NA,TRUE,NA,NA,F_PC_245.3
13106,246,PC,SHOOT:INHAB DWELL/VEH/ETC,F,382,7500,6,246 PC-SHOOT AT INHABITED DWELLING/VEHICLE/ETC,NA,TRUE,NA,NA,F_PC_246
13110,217.1(B),PC,ATT MURDER PUB OFCL,F,310,2400,6,217.1(B) PC-ATT MURDER AGAINST PUBLIC OFFICIAL,NA,TRUE,NA,TRUE,F_PC_217.1(B)
13116,245.2,PC,ADW TRANSP PRSNL/ETC,F,320,9300,6,245.2 PC-ADW ON TRANSPORTATION PERSONNEL/ETC,NA,TRUE,NA,NA,F_PC_245.2
13129,205,PC,AGGRAVATED MAYHEM,F,330,1900,6,205 PC-AGGRAVATED MAYHEM,NA,TRUE,NA,TRUE,F_PC_205
13132,245(C),PC,ADW NOT F/ARM:PO/FIRE:GBI,F,341,9200,6,245(C) PC-ADW NOT FIREARM:PO/FIREFIGHTER:GBI,NA,TRUE,NA,NA,F_PC_245(C)
13133,245(D)(1),PC,ASLT PO W/FIREARM,F,323,4400,6,245(D)(1) PC-ASLT W/FIREARM P.O./FIREFIGHTER,NA,TRUE,NA,NA,F_PC_245(D)(1)
13134,245(D)(2),PC,ASLT PO W/SEMIAUTO RIFLE,F,323,3000,6,245(D)(2) PC-ASLT W/SEMIAUTO RIFLE PO/FIREFTR,NA,TRUE,NA,NA,F_PC_245(D)(2)
13138,245.5,PC,ADW/ETC ON SCHOOL EMP,F,0,9500,6,245.5 PC-ADW/ETC ON SCHOOL EMPLOYEE,NA,TRUE,NA,NA,F_PC_245.5
13139,245.5(A),PC,ADW/GBI SCHL EMP:NO F/ARM,F,320,9500,6,245.5(A) PC-ADW/LIKELY GBI SCH EMP:NOT FIREARM,NA,TRUE,NA,NA,F_PC_245.5(A)
13140,245.5(B),PC,ASLT SCHOOL EMP W/FIREARM,F,321,4600,6,245.5(B) PC-ASSAULT W/FIREARM ON SCH EMPLOYEE,NA,TRUE,NA,NA,F_PC_245.5(B)
13141,245.5(C),PC,ASLT SCH EMP W/STUN GUN,F,384,22260,6,245.5(C) PC-ASSAULT SCH EMP W/STUN GUN/TASER,NA,TRUE,NA,NA,F_PC_245.5(C)
13142,206,PC,TORTURE,F,330,1910,6,206 PC-TORTURE,NA,TRUE,NA,TRUE,F_PC_206
13143,245(D)(3),PC,ASLT PO W/MACHINEGUN/ETC,F,323,2600,6,245(D)(3) PC-ASLT W/MACH GUN/ETC PO/FIREFTR,NA,TRUE,NA,TRUE,F_PC_245(D)(3)
13164,245(D)(2),PC,ASLT:SEMIAUTO F/ARM:PO/FF,F,323,3000,6,245(D)(2) PC-ASLT:W/SEMIAUTO F/ARM:PO/FIREFITR,NA,TRUE,NA,NA,F_PC_245(D)(2)
13190,4501.1(A),PC,AGG BAT:GASSING BY PRISNR,F,350,15600,6,4501.1(A) PC-AGGRAVATD BAT:GASSING BY PRISONER,NA,TRUE,NA,NA,F_PC_4501.1(A)
16001,422,PC,THRTN CRIME:INT:TERRORIZE,F,345,40600,6,422 PC-THREATEN CRIME WITH INTENT TO TERRORIZE,NA,TRUE,NA,NA,F_PC_422
16002,422(A),PC,THREAT TO TERRORIZE,F,345,23900,6,422(A) PC-THREATEN CRIME W/INTENT TO TERRORIZE,NA,TRUE,NA,NA,F_PC_422(A)
16008,11413(A),PC,USE EXPL DEV TO TERRORIZE,F,362,7400,6,11413(A) PC-TERRORISM:SPEC CIRCUM,NA,TRUE,NA,NA,F_PC_11413(A)
16026,11418(B)(1),PC,USE WPN MS DEST:INJRY/ETC,F,360,1800,6,NA,NA,TRUE,NA,TRUE,F_PC_11418(B)(1)
16027,11418(B)(2),PC,USE WPN MS DEST:WATER/ETC,F,362,4100,6,NA,NA,TRUE,NA,TRUE,F_PC_11418(B)(2)
16028,11418(B)(3),PC,USE WPN MS DEST:ANML/CROP,F,362,4100,6,11418(B)(3) PC-USE WPN MASS DEST:ANML/CROPS,NA,TRUE,NA,TRUE,F_PC_11418(B)(3)
16029,11418(C),PC,USE WPN MAS DEST:NATL RES,F,362,8950,6,NA,NA,TRUE,NA,TRUE,F_PC_11418(C)
16036,11418(B)(2),PC,USE WPN MASS DEST:W/GBI,F,360,1800,6,NA,NA,TRUE,NA,TRUE,F_PC_11418(B)(2)
16037,11418(B)(3),PC,USE WPN MS DEST:FOOD/WATR,F,362,2670,6,NA,NA,TRUE,NA,TRUE,F_PC_11418(B)(3)
16038,11418(B)(4),PC,USE WPN MS DEST:ANML/CROP,F,362,4100,6,NA,NA,TRUE,NA,TRUE,F_PC_11418(B)(4)
16039,11418(D)(1),PC,CREATE NEW/ETC:WPN MS DST,F,362,4100,6,NA,NA,TRUE,NA,NA,F_PC_11418(D)(1)
16049,422(A),PC,THRTN CRIME:INT:TERRORIZE,F,345,40600,6,422(A) PC-THREATEN CRIME W/INTENT TO TERRORIZE,NA,TRUE,NA,NA,F_PC_422(A)
38078,273AB(B),PC,ASLT CHILD-8:GBI:PERM INJ,F,370,1800,6,273AB(B) PC-ASLT:CHILD-8:GBI:PERM INJ,NA,TRUE,NA,TRUE,F_PC_273AB(B)
52104,12309,PC,USE DESTRCT DEV CAUSE GBI,F,361,3100,6,12309 PC-USE DEST DEVICE CAUSING BODILY INJURY,NA,TRUE,NA,NA,F_PC_12309
52105,12308,PC,USE DEST DEVCE:INT:MURDER,F,361,3200,6,12308 PC-USE DEST DEVICE WITH INTENT TO MURDER,NA,TRUE,NA,TRUE,F_PC_12308
52106,12310,PC,DSTRCT DVC:DEATH/GBI/ETC,F,0,1800,6,12310 PC-DESTRUCT DEVICE CAUSE DEATH/GBI/ETC,NA,TRUE,NA,NA,F_PC_12310
52116,12310(B),PC,DESTRUCT DEVICE:MAYHM/GBI,F,360,1800,6,12310(B) PC-DEST DEVICE CAUSING MAYHEM/GBI,NA,TRUE,NA,TRUE,F_PC_12310(B)
52387,246.3(A),PC,WIL DISCH F/ARM W/GRS NEG,F,382,39690,6,246.3(A) PC-WILLFUL DISH F/ARM W/GRS NEGL,NA,TRUE,NA,NA,F_PC_246.3(A)
52507,18755(B),PC,DESTRUCT DEVICE:MAYHM/GBI,F,360,1800,6,18755(B) PC-DESTRUCT DEVICE CAUSING MAYHEM/GBI,NA,TRUE,NA,TRUE,F_PC_18755(B)
52630,18740,PC,USE/ETC EXPLO/DEV:INJ/ETC,F,362,7300,6,18740 PC-USE/ETC EXPLO/ETC/DEVICE:INT:INJ/ETC,NA,TRUE,NA,NA,F_PC_18740
52665,18745,PC,USE EXPLO/DEV:COMM MURDER,F,360,2500,6,18745 PC-USE EXPLO/DEV W/INT TO COMMIT MURDER,NA,TRUE,NA,TRUE,F_PC_18745
52679,18750,PC,USE EXPLO/DEV:CAUSE GBI,F,360,3100,6,NA,NA,TRUE,NA,TRUE,F_PC_18750
56025,422.7(A),PC,CIV RGT VIOL:VIOLENT INJ,F,393,41450,6,422.7(A) PC-VIOL CVL RGTS:CAUSE VIOLNT INJ/ETC,NA,TRUE,NA,NA,F_PC_422.7(A)
12004,211,PC,ROBBERY,F,200,8900,5,211 PC-ROBBERY,NA,TRUE,NA,TRUE,F_PC_211
12005,211A,PC,ROBBERY:FIRST DEGREE,F,0,14400,5,211A PC-ROBBERY:FIRST DEGREE,NA,TRUE,NA,TRUE,F_PC_211A
12006,211A,PC,ROBBERY:SECOND DEGREE,F,0,14400,5,211A PC-ROBBERY:SECOND DEGREE,NA,TRUE,NA,TRUE,F_PC_211A
12008,213,PC,ROBBERY,F,0,8900,5,213 PC-ROBBERY,NA,NA,NA,TRUE,F_PC_213
12009,213.1,PC,ROBBERY:FIRST DEGREE,F,0,14400,5,213.1 PC-ROBBERY:FIRST DEGREE,NA,NA,NA,TRUE,F_PC_213.1
12010,213.2,PC,ROBBERY:SECOND DEGREE,F,0,14400,5,213.2 PC-ROBBERY:SECOND DEGREE,NA,NA,NA,TRUE,F_PC_213.2
12011,214,PC,TRAIN ROBBERY,F,200,23600,5,214 PC-TRAIN ROBBERY,NA,TRUE,NA,TRUE,F_PC_214
12012,220,PC,ASSAULT TO COMMIT ROBBERY,F,0,38000,5,220 PC-ASSAULT TO COMMIT ROBBERY,NA,NA,NA,TRUE,F_PC_220
12017,211,PC,ROBBERY:FIRST DEGREE,F,210,8900,5,211 PC-ROBBERY:FIRST DEGREE,NA,TRUE,NA,TRUE,F_PC_211
12018,211,PC,ROBBERY:SECOND DEGREE,F,220,14400,5,211 PC-ROBBERY:SECOND DEGREE,NA,TRUE,NA,TRUE,F_PC_211
12019,211,PC,ARMED ROBBERY,F,0,14400,5,211 PC-ARMED ROBBERY,NA,TRUE,NA,TRUE,F_PC_211
12020,211,PC,STRONGARM ROBBERY,F,0,14400,5,211 PC-STRONGARM ROBBERY,NA,TRUE,NA,TRUE,F_PC_211
12025,211A,PC,ROBBERY,F,0,14400,5,211A PC-ROBBERY,NA,TRUE,NA,TRUE,F_PC_211A
12026,211/12022(A),PC,ROBBERY WHILE ARMED,F,0,14406,5,211/12022(A) PC-ROBBERY WHILE ARMED,NA,TRUE,NA,TRUE,F_PC_211/12022(A)
12027,211/12022(B),PC,ROBBERY W/USE DEADLY WPN,F,0,14405,5,211/12022(B) PC-ROBBERY W/USE DEADLY WEAPON,NA,TRUE,NA,TRUE,F_PC_211/12022(B)
12028,211/12022.7,PC,ROBBERY WITH GBI,F,0,14390,5,211/12022.7 PC-ROBBERY WITH GBI,NA,TRUE,NA,TRUE,F_PC_211/12022.7
12030,212.5(A),PC,ROB:1ST DEG:CAB/ETC/DWELL,F,210,8900,5,212.5(A) PC-ROB:1ST DEG:CAB/ETC/INHAB DWELL,NA,TRUE,NA,TRUE,F_PC_212.5(A)
12031,212.5(B),PC,ROBBERY:SECOND DEGREE,F,220,14400,5,212.5(B) PC-ROBBERY:SECOND DEGREE,NA,TRUE,NA,TRUE,F_PC_212.5(B)
12032,212.5,PC,ROBBERY,F,200,8900,5,212.5 PC-ROBBERY,NA,TRUE,NA,TRUE,F_PC_212.5
12033,213(A)(2),PC,ROBBERY:SECOND DEGREE,F,220,14400,5,213(A)(2) PC-ROBBERY:SECOND DEGREE,NA,TRUE,NA,TRUE,F_PC_213(A)(2)
12034,213(B),PC,ATTEMPTED ROBBERY,F,230,23500,5,213(B) PC-ATTEMPTED ROBBERY,NA,NA,NA,TRUE,F_PC_213(B)
12035,212.5(B),PC,ROB:FIRST DEGREE:ATM/ETC,F,210,8900,5,212.5(B) PC-ROBBERY:FIRST DEGREE:ATM/ETC,NA,TRUE,NA,NA,F_PC_212.5(B)
12036,212.5(C),PC,ROBBERY:SECOND DEGREE,F,220,14400,5,212.5(C) PC-ROBBERY:SECOND DEGREE,NA,TRUE,NA,TRUE,F_PC_212.5(C)
12037,213(B),PC,ATTEMPTED ROBBERY:SEC DEG,F,230,23500,5,213(B) PC-ATTEMPTED ROBBERY:SECOND DEGREE,NA,NA,NA,TRUE,F_PC_213(B)
12039,213(A)(1)(A),PC,ROB 1:INHAB DWELL:CONCERT,F,210,4790,5,213(A)(1)(A) PC-ROB 1:INHAB DWELL:IN CONCERT,NA,TRUE,NA,TRUE,F_PC_213(A)(1)(A)
12040,211,PC,ROBBERY 1ST DEG HOME INV,F,210,4790,5,NA,NA,TRUE,NA,TRUE,F_PC_211
23131,215(A),PC,CARJACKING,F,250,6850,5,215(A) PC-CARJACKING,NA,TRUE,NA,TRUE,F_PC_215(A)
23156,215,PC,CARJACKING,F,250,6850,5,215 PC-CARJACKING,NA,NA,NA,TRUE,F_PC_215
11004,220,PC,ASSAULT:COMMIT RAPE,F,620,11800,4,220 PC-ASSAULT TO COMMIT RAPE,NA,TRUE,NA,TRUE,F_PC_220
11005,220,PC,ASSAULT TO COMMIT SODOMY,F,791,12400,4,220 PC-ASSAULT TO COMMIT SODOMY,NA,TRUE,NA,TRUE,F_PC_220
11006,261,PC,RAPE,F,600,5400,4,261 PC-RAPE,NA,TRUE,NA,NA,F_PC_261
11007,261(1),PC,RAPE:VICT INCPBL OF CNSNT,F,610,5400,4,261(1) PC-RAPE:VICTIM INCAPABLE OF CONSENT,NA,TRUE,NA,NA,F_PC_261(1)
11008,261.2,PC,RAPE INCOMPETENT FEMALE,F,0,5400,4,261.2 PC-RAPE OF INCOMPETENT FEMALE,NA,TRUE,NA,NA,F_PC_261.2
11009,261.2,PC,RAPE BY FORCE,F,0,5400,4,261.2 PC-RAPE BY FORCE,NA,TRUE,NA,NA,F_PC_261.2
11010,261.3,PC,RAPE BY FORCE,F,0,5400,4,261.3 PC-RAPE BY FORCE,NA,TRUE,NA,NA,F_PC_261.3
11011,261.3,PC,RAPE BY THREAT,F,0,5400,4,261.3 PC-RAPE BY THREAT,NA,TRUE,NA,NA,F_PC_261.3
11012,261.4,PC,RAPE BY THREAT,F,0,5400,4,261.4 PC-RAPE BY THREAT,NA,TRUE,NA,NA,F_PC_261.4
11013,261(4),PC,RAPE:VICT UNCONSC OF ACT,F,610,5400,4,261(4) PC-RAPE:VICTIM UNCONSC OF NATURE OF ACT,NA,TRUE,NA,NA,F_PC_261(4)
11014,261.5,PC,RAPE:VICT UNCONSC OF ACT,F,0,5400,4,261.5 PC-RAPE:VICTIM UNCONSC OF NATURE OF ACT,NA,TRUE,NA,NA,F_PC_261.5
11015,261(5),PC,RAPE:BELIEF PERP IS SPOUS,F,610,5400,4,261(5) PC-RAPE:SUBMIT BELIEVE PERSON IS SPOUSE,NA,TRUE,NA,NA,F_PC_261(5)
11016,261.6,PC,RAPE:BELIEF PRSN IS SPOUS,F,0,5400,4,261.6 PC-RAPE/SUBMITS BELIEVE PERSON IS SPOUSE,NA,TRUE,NA,NA,F_PC_261.6
11017,264,PC,RAPE,F,0,5400,4,264 PC-RAPE,NA,TRUE,NA,NA,F_PC_264
11018,264.1,PC,RAPE/ETC:CNCRT FORCE/VIOL,F,635,3300,4,264.1 PC-RAPE/ETC:CONCERT W/FORCE/VIOLENCE,NA,TRUE,NA,TRUE,F_PC_264.1
11024,220/261,PC,ASSAULT TO COMMIT RAPE,F,0,11800,4,220/261 PC-ASSAULT TO COMMIT RAPE,NA,TRUE,NA,TRUE,F_PC_220/261
11025,261/12022.5,PC,RAPE/USE OF FIREARM,F,0,5395,4,NA,NA,TRUE,NA,TRUE,F_PC_261/12022.5
11027,261.2/261.3,PC,RAPE W/FORCE & THREAT,F,0,5500,4,261.2/261.3 PC-RAPE W/FORCE & THREAT,NA,TRUE,NA,NA,F_PC_261.2/261.3
11030,220,PC,ASLT:MAYHEM/RAPE/ETC,F,620,11800,4,220 PC-ASSAULT TO COMMIT MAYHEM/RAPE ETC,NA,TRUE,NA,TRUE,F_PC_220
11033,262,PC,RAPE SPOUSE BY FORCE/ETC,F,0,6500,4,262 PC-RAPE OF SPOUSE BY FORCE/THREAT/FEAR,NA,TRUE,NA,NA,F_PC_262
11035,262(A)(1),PC,RAPE OF SPOUSE BY FORCE,F,0,6600,4,262(A)(1) PC-RAPE OF SPOUSE BY FORCE,NA,TRUE,NA,TRUE,F_PC_262(A)(1)
11037,262(A)(2),PC,RAPE OF SPOUSE BY THREAT,F,0,6700,4,262(A)(2) PC-RAPE OF SPOUSE BY THREAT,NA,TRUE,NA,NA,F_PC_262(A)(2)
11040,261(2),PC,RAPE BY FORCE/FEAR/ETC,F,610,5400,4,261(2) PC-RAPE BY FORCE/FEAR/ETC,NA,TRUE,NA,NA,F_PC_261(2)
11041,261(3),PC,RAPE OF DRUGGED VICTIM,F,610,5400,4,261(3) PC-RAPE OF DRUGGED VICTIM,NA,TRUE,NA,NA,F_PC_261(3)
11042,262(A),PC,RAPE OF SPOUSE,F,0,6800,4,262(A) PC-RAPE OF SPOUSE,NA,TRUE,NA,NA,F_PC_262(A)
11044,261(2)/264.1,PC,RAPE CONCERT BY FORCE/ETC,F,0,3300,4,261(2)/264.1 PC-RAPE IN CONCERT BY FORCE/ETC,NA,TRUE,NA,NA,F_PC_261(2)/264.1
11045,220/261(2),PC,ASLT TO RAPE FORCE/FEAR,F,0,11800,4,220/261(2) PC-ASLT TO COMMIT RAPE FORCE/FEAR,NA,TRUE,NA,TRUE,F_PC_220/261(2)
11046,262(A),PC,RAPE SPOUSE BY FORCE/ETC,F,611,6800,4,262(A) PC-RAPE OF SPOUSE BY FORCE/ETC,NA,TRUE,NA,NA,F_PC_262(A)
11047,220/264.1,PC,ASLT RAPE CONCRT FORC/VIO,F,0,12200,4,220/264.1 PC-ASSLT TO RAPE IN CONCRT FORC/VIOL,NA,TRUE,NA,TRUE,F_PC_220/264.1
11048,261(6),PC,RAPE:THREAT RETALIATION,F,610,5400,4,261(6) PC-RAPE BY THREAT OF RETALIATION,NA,TRUE,NA,NA,F_PC_261(6)
11050,261(7),PC,RAPE:THREAT:AUTH OF AREST,F,610,5400,4,261(7) PC-RAPE:VICTIM THREATENED OF ARREST/ETC,NA,TRUE,NA,NA,F_PC_261(7)
11054,261(A)(1),PC,RAPE:VICT INCPBL OF CNSNT,F,610,5400,4,261(A)(1) PC-RAPE:VICTIM INCAPABLE OF CONSENT,NA,TRUE,NA,NA,F_PC_261(A)(1)
11055,261(A)(2),PC,RAPE BY FORCE/FEAR/ETC,F,610,5400,4,261(A)(2) PC-RAPE:FORCE/FEAR/ETC,NA,TRUE,NA,TRUE,F_PC_261(A)(2)
11056,261(A)(3),PC,RAPE OF DRUGGED VICTIM,F,610,5400,4,261(A)(3) PC-RAPE:VICTIM DRUGGED,NA,TRUE,NA,NA,F_PC_261(A)(3)
11057,261(A)(4),PC,RAPE:VICT UNCONSC OF ACT,F,610,5400,4,261(A)(4) PC-RAPE:VICTIM UNCONSC NATURE OF ACT,NA,TRUE,NA,NA,F_PC_261(A)(4)
11058,261(A)(5),PC,RAPE:VICT THINKS SPOUSE,F,610,5400,4,261(A)(5) PC-RAPE:VICT BELIEVE PERSN IS SPOUSE,NA,TRUE,NA,NA,F_PC_261(A)(5)
11059,261(A)(6),PC,RAPE:THREAT RETALIATION,F,610,5400,4,261(A)(6) PC-RAPE:THREAT OF RETALIATION,NA,TRUE,NA,TRUE,F_PC_261(A)(6)
11060,261(A)(7),PC,RAPE:THREAT:AUTH:ARST/ETC,F,610,5400,4,261(A)(7) PC-RAPE:VICT THREATENED ARREST/ETC,NA,TRUE,NA,NA,F_PC_261(A)(7)
11062,262(A)(1),PC,RAPE SPOUSE BY FORCE/ETC,F,611,6490,4,262(A)(1) PC-RAPE SPOUSE BY FORCE/FEAR/ETC,NA,TRUE,NA,TRUE,F_PC_262(A)(1)
11063,220,PC,ASLT:PENETRATE W/OBJECT,F,705,12000,4,220 PC-ASSAULT TO PENETRATE W/FOREIGN OBJECT,NA,TRUE,NA,TRUE,F_PC_220
11064,220,PC,ASSLT TO COMMIT ORAL COP,F,710,12100,4,220 PC-ASSAULT TO COMMIT ORAL COPULATION,NA,TRUE,NA,TRUE,F_PC_220
11066,269(A)(1),PC,AGG SEX ASLT:MNR:FRCE/ETC,F,621,2435,4,269(A)(1) PC-AGGRAVATED SEX ASLT:MNR:FORCE/ETC,NA,TRUE,NA,TRUE,F_PC_269(A)(1)
11067,262(A)(2),PC,RAPE SPOUSE UND C/SUB/ETC,F,611,6490,4,262(A)(2) PC-RAPE OF SPOUSE UNDER CNTL SUB/ETC,NA,TRUE,NA,NA,F_PC_262(A)(2)
11068,220,PC,ASLT:RAPE:CONCERT W/OTHER,F,635,12200,4,220 PC-ASLT:COMMIT RAPE:IN CONCERT WITH OTHER,NA,TRUE,NA,TRUE,F_PC_220
11069,269(A)(5),PC,AGG SEX ASLT:MNR:FRGN OBJ,F,705,2440,4,269(A)(5) PC-AGG SEX ASLT:MINOR W/FOREIGN OBJ,NA,TRUE,NA,TRUE,F_PC_269(A)(5)
11070,262(A)(3),PC,RAPE:SPOUSE UNCON OF ACT,F,611,6490,4,262(A)(3) PC-RAPE:SPOUS UNCON OF NATURE OF ACT,NA,TRUE,NA,NA,F_PC_262(A)(3)
11071,262(A)(4),PC,RAPE SPOUS:THRET RETALIAT,F,611,6490,4,262(A)(4) PC-RAPE OF SPOUSE:THREAT RETALIATION,NA,TRUE,NA,TRUE,F_PC_262(A)(4)
11072,262(A)(5),PC,RAPE SPOUS:THRET:ARST/ETC,F,611,6490,4,NA,NA,TRUE,NA,NA,F_PC_262(A)(5)
11074,269(A)(4),PC,AGG SEX ASLT:MNR:ORAL/ETC,F,705,2440,4,269(A)(4) PC-AGG SEX ASLT:MNR:ORAL/FEAR/ETC,NA,TRUE,NA,TRUE,F_PC_269(A)(4)
11075,289(A)(1),PC,SEX PENETRATION:FORCE/ETC,F,705,6200,4,289(A)(1) PC-SEXUAL PENETRATION W/FORCE/ETC,NA,TRUE,NA,TRUE,F_PC_289(A)(1)
11076,289(A)(2),PC,SEX PEN:THRET RETALIATION,F,705,6200,4,289(A)(2) PC-SEXUAL PEN:THREAT RETALIATION,NA,NA,NA,TRUE,F_PC_289(A)(2)
11077,269(A)(3),PC,AGG SEX ASLT:MNR:SDMY/ETC,F,734,2440,4,269(A)(3) PC-AGG SEX ASLT:MNR:SDMY/FORCE/ETC,NA,TRUE,NA,TRUE,F_PC_269(A)(3)
11080,269(A)(2),PC,AGG SEX ASLT:MNR:264.1PC,F,635,2435,4,269(A)(2) PC-AGGRAVATED SEX ASLT:MNR:264.1PC,NA,TRUE,NA,TRUE,F_PC_269(A)(2)
11085,261(A)(4)(A),PC,RAPE:VICT UNCONSCIOUS,F,610,5400,4,261(A)(4)(A) PC-RAPE:VICTIM UNCONSCIOUS,NA,TRUE,NA,NA,F_PC_261(A)(4)(A)
11086,261(A)(4)(B),PC,RAPE:VICTIM NOT AWARE,F,610,5400,4,261(A)(4)(B) PC-RAPE:VICTIM NOT AWARE,NA,TRUE,NA,NA,F_PC_261(A)(4)(B)
11087,261(A)(4)(C),PC,RAPE:VICTIM OF PERP FRAUD,F,610,5400,4,261(A)(4)(C) PC-RAPE:VICTIM OF PERP FRAUD,NA,TRUE,NA,NA,F_PC_261(A)(4)(C)
11088,261(A)(4)(D),PC,RAPE:VIC UNAWR:FRAUD MISR,F,610,5400,4,NA,NA,TRUE,NA,NA,F_PC_261(A)(4)(D)
11089,269(A),PC,AGG SEX ASSLT:CHILD -14,F,621,2435,4,269(A) PC-AGG SEX ASSLT:CHILD -14 OR 10YS YNGR,NA,TRUE,NA,TRUE,F_PC_269(A)
11091,220(A),PC,ASLT:W/INTENT TO RAPE,F,620,11800,4,220(A) PC-ASLT:W/INTENT TO RAPE,NA,TRUE,NA,TRUE,F_PC_220(A)
11092,220(B),PC,ASLT:INTENT RAPE IN 459,F,620,1760,4,220(B) PC-ASLT:INTENT RAPE IN 459,NA,TRUE,NA,TRUE,F_PC_220(B)
11095,220,PC,ASLT W/INT COMT RAPE/ETC,F,620,11800,4,220 PC-ASLT W/INT COMMIT RAPE/SDMY/ETC,NA,TRUE,NA,TRUE,F_PC_220
11096,220(A)(1),PC,ASSAULT:W/INTENT TO RAPE,F,620,11800,4,220(A)(1) PC-ASSAULT:W/INTENT TO RAPE,NA,TRUE,NA,TRUE,F_PC_220(A)(1)
11097,264.1(A),PC,RAPE/ETC:CNCRT FORCE/VIOL,F,635,3300,4,264.1(A) PC-RAPE/ETC:CONCERT W/FORCE/VIOL,NA,TRUE,NA,NA,F_PC_264.1(A)
11098,264.1(B)(1),PC,RAPE:CNCRT/FORCE:CHILD-14,F,635,2492,4,264.1(B)(1) PC-RAPE:CONCERT W/FORCE:CHILD-14,NA,TRUE,NA,NA,F_PC_264.1(B)(1)
11099,264.1(B)(2),PC,RAPE:CNCRT/FORCE:MNR 14+,F,635,2497,4,264.1(B)(2) PC-RAPE:CONCERT W/FORCE:MNR 14+,NA,TRUE,NA,NA,F_PC_264.1(B)(2)
11100,289(A)(1)(A),PC,SEX PENETRATION:FORCE/ETC,F,705,6200,4,289(A)(1)(A) PC-SEXUAL PENETRATION W/FORCE/ETC,NA,TRUE,NA,TRUE,F_PC_289(A)(1)(A)
11101,289(A)(1)(B),PC,SEX PENTRATION FORCE/ETC,F,705,2496,4,289(A)(1)(B) PC-SEX PENTRATION W/FORCE/ETC -14,NA,TRUE,NA,TRUE,F_PC_289(A)(1)(B)
11102,289(A)(1)(C),PC,SEX PENTRATION FORCE/ETC,F,705,2602,4,289(A)(1)(C) PC-SEX PENTRATION W/FORCE ETC 14+,NA,TRUE,NA,TRUE,F_PC_289(A)(1)(C)
11103,261(A)(5),PC,RAPE:VICT KNOWS PERSON,F,610,5400,4,261(A)(5) PC-RAPE:VICT UNDR BELIEF KNOW PERSON,NA,TRUE,NA,NA,F_PC_261(A)(5)
11106,220(A)(2),PC,ASSAULT:-18 W/INT TO RAPE,F,620,3300,4,220(A)(2) PC-ASSAULT:-18 YRS W/INTENT TO RAPE,NA,TRUE,NA,TRUE,F_PC_220(A)(2)
13015,220,PC,ASLT COMMIT RAPE/ROB/ETC,F,0,11800,4,220 PC-ASSAULT TO COMMIT RAPE/ROBBERY/ETC,NA,NA,NA,TRUE,F_PC_220
36043,286(C),PC,SODOMY:UNDER 14 OR W/FORC,F,732,5800,4,286(C) PC-SODOMY W/PERSON UND 14 YR OR W/FORCE,NA,TRUE,NA,TRUE,F_PC_286(C)
36044,286(D),PC,SODOMY IN CONCERT W/FORCE,F,731,3600,4,286(D) PC-SODOMY IN CONCERT WITH FORCE,NA,TRUE,NA,TRUE,F_PC_286(D)
36075,289(J),PC,SEX PEN:F/OBJ/ETC:VIC -14,F,705,6200,4,289(J) PC-SEX PEN:W/FOREIGN OBJ/ETC:VIC -14,NA,NA,NA,TRUE,F_PC_289(J)
36143,286(C)(1),PC,SODOMY:PERSON UNDER 14,F,732,5800,4,286(C)(1) PC-SODOMY:PERSON UNDER 14/ETC,NA,TRUE,NA,TRUE,F_PC_286(C)(1)
36146,286(C)(2),PC,SODOMY:USE FORCE/INJURY,F,732,5800,4,286(C)(2) PC-SODOMY:BY USE OF FORCE/INJURY,NA,TRUE,NA,TRUE,F_PC_286(C)(2)
36152,286(C)(3),PC,SODOMY BY THREAT,F,732,5800,4,286(C)(3) PC-SODOMY BY THREAT/RETALIATE,NA,TRUE,NA,TRUE,F_PC_286(C)(3)
36172,288.7(A),PC,SDMY:VICTIM UNDER 10YRS,F,621,2230,4,288.7(A) PC-SODOMY:VICTIM UNDER 10YRS,NA,TRUE,NA,TRUE,F_PC_288.7(A)
36173,288.7(B),PC,ORAL COP:VICT UNDER 10YRS,F,621,2435,4,288.7(B) PC-ORAL COP:VICTIM UNDER 10YRS,NA,TRUE,NA,TRUE,F_PC_288.7(B)
36270,286(C),PC,SODOMY W/MNR UNDER 14 YRS,F,732,5800,4,286(C) PC-SODOMY WITH MINOR UNDER 14 YRS,NA,TRUE,NA,TRUE,F_PC_286(C)
36271,286(C),PC,SODOMY WITH FORCE,F,732,5800,4,286(C) PC-SODOMY WITH FORCE,NA,TRUE,NA,TRUE,F_PC_286(C)
36272,286(C)(2),PC,PRIOR CODE:SDMY W/MNR-14,F,732,5800,4,286(C)(2) PC-PRIOR CODE:SODOMY W/MNR -14,NA,NA,NA,TRUE,F_PC_286(C)(2)
36273,286(C)(2),PC,PRIOR CODE:SODOMY W/FORCE,F,732,5800,4,286(C)(2) PC-PRIOR CODE:SODOMY WITH FORCE,NA,TRUE,NA,TRUE,F_PC_286(C)(2)
36283,286(C)(2)(A),PC,SODOMY BY FORCE/VIOL/FEAR,F,731,5800,4,286(C)(2)(A) PC-SODOMY BY FORCE/VIOLENCE/FEAR,NA,TRUE,NA,TRUE,F_PC_286(C)(2)(A)
36284,286(C)(2)(B),PC,SODOMY BY FORCE/VIOL -14,F,732,2494,4,286(C)(2)(B) PC-SODOMY BY FORCE/VIOL/FEAR -14,NA,TRUE,NA,TRUE,F_PC_286(C)(2)(B)
36285,286(C)(2)(C),PC,SODOMY BY FORCE/VIOL +14,F,731,2497,4,286(C)(2)(C) PC-SODOMY BY FORCE/VIOL/FEAR +14,NA,TRUE,NA,TRUE,F_PC_286(C)(2)(C)
36286,286(D)(1),PC,SODOMY IN CONCERT W/FORCE,F,731,3600,4,286(D)(1) PC-SODOMY IN CONCERT WITH FORCE,NA,TRUE,NA,TRUE,F_PC_286(D)(1)
36298,287(B)(1),PC,ORAL COPULATION:-18 YRS,F,713,37825,4,NA,NA,TRUE,NA,NA,F_PC_287(B)(1)
36300,287(B)(2),PC,ORAL COPULATION:-16 YRS,F,713,37825,4,NA,NA,TRUE,NA,NA,F_PC_287(B)(2)
36301,287(C)(1),PC,ORAL COPULATION:-14 YRS,F,712,5600,4,NA,NA,TRUE,NA,TRUE,F_PC_287(C)(1)
36302,287(C)(2)(A),PC,ORAL COP:USE FORCE/INJURY,F,712,5600,4,NA,NA,TRUE,NA,TRUE,F_PC_287(C)(2)(A)
36303,287(C)(2)(B),PC,ORAL COP:-14 FORCE/INJURY,F,712,2496,4,NA,NA,TRUE,NA,TRUE,F_PC_287(C)(2)(B)
36304,287(C)(2)(C),PC,ORAL COP:14+ FORCE/INJURY,F,713,2602,4,NA,NA,TRUE,NA,TRUE,F_PC_287(C)(2)(C)
36305,287(C)(3),PC,ORAL COP:THREAT RETALIATE,F,711,5600,4,NA,NA,TRUE,NA,TRUE,F_PC_287(C)(3)
36306,287(D)(1)(A),PC,ORAL COP IN CONCRT W/FORC,F,711,3400,4,NA,NA,TRUE,NA,TRUE,F_PC_287(D)(1)(A)
36307,287(D)(1)(B),PC,ORAL COP CONCERT:THREAT,F,711,3400,4,NA,NA,TRUE,NA,TRUE,F_PC_287(D)(1)(B)
36308,287(D)(1)(C),PC,ORAL COP CNCRT:VIC INCAPB,F,711,3400,4,NA,NA,TRUE,NA,TRUE,F_PC_287(D)(1)(C)
36309,287(D)(2),PC,ORAL COP:CONCRT:FORCE -14,F,711,2492,4,NA,NA,TRUE,NA,TRUE,F_PC_287(D)(2)
36311,287(E),PC,ORAL COP:IN PRISON/JAIL,F,714,37830,4,NA,NA,TRUE,NA,NA,F_PC_287(E)
36313,287(F),PC,ORAL COP:VIC UNCON OF ACT,F,714,5700,4,NA,NA,TRUE,NA,NA,F_PC_287(F)
36314,287(G),PC,ORAL COP:VIC INCAP CONSNT,F,714,5700,4,NA,NA,TRUE,NA,NA,F_PC_287(G)
36315,287(H),PC,ORAL COP:VIC IN STATE HOS,F,714,37830,4,NA,NA,TRUE,NA,NA,F_PC_287(H)
36317,287(I),PC,ORAL COP:VICTIM INTOX/ETC,F,714,5700,4,NA,NA,TRUE,NA,NA,F_PC_287(I)
36318,287(J),PC,ORAL COP:BY IMPERSONATION,F,711,5700,4,NA,NA,TRUE,NA,NA,F_PC_287(J)
36319,287(K),PC,ORAL COP:THRT ARR/DEPORT,F,714,5700,4,NA,NA,TRUE,NA,NA,F_PC_287(K)
36320,287(F)(1),PC,ORAL COP:VIC UNCON/ASLEEP,F,714,5700,4,NA,NA,TRUE,NA,NA,F_PC_287(F)(1)
36321,287(F)(2),PC,ORAL COP:VIC UNAWARE,F,714,5700,4,NA,NA,TRUE,NA,NA,F_PC_287(F)(2)
36322,287(F)(3),PC,ORAL COP:PERP FRAUD,F,714,5700,4,NA,NA,TRUE,NA,NA,F_PC_287(F)(3)
36323,287(F)(4),PC,ORAL COP:FRAUD PROF PURP,F,714,5700,4,NA,NA,TRUE,NA,NA,F_PC_287(F)(4)
39310,287(D)(3),PC,ORAL COP:CONCRT:FORCE 14+,F,711,2496,4,NA,NA,TRUE,NA,TRUE,F_PC_287(D)(3)
9150,192(C)(1),PC,VEH MANSL W/GROSS NEG,F,160,11100,3,192(C)(1) PC-VEH MANSL W/GROSS NEGLIGENCE,NA,TRUE,TRUE,NA,F_PC_192(C)(1)
9157,191.5(A),PC,GR VEH MANSL WHILE INTOX,F,160,4200,3,191.5(A) PC-GROSS VEH MANSL WHILE INTOXICATED,NA,NA,TRUE,NA,F_PC_191.5(A)
9160,192.5,PC,VEH MANSL/VESSEL W/GR NEG,F,0,11100,3,192.5 PC-VEH MANSL/VESSEL W/GROSS NEGLIGENCE,NA,TRUE,NA,NA,F_PC_192.5
9177,192.5(A),PC,VEH MNSL W/VESSL W/GR NEG,F,160,4200,3,192.5(A) PC-VEH MNSL WITH VESSEL W/GROSS NEG,NA,TRUE,TRUE,NA,F_PC_192.5(A)
9179,192.5(C),PC,V/MNSL:VES:ALC/DRG:NO NEG,F,160,23250,3,192.5(C) PC-VEH MNSL W/VES:ALC/DRUG W/O GR NEG,NA,TRUE,TRUE,NA,F_PC_192.5(C)
9180,191.5(B),PC,GROS VEH MNSL W/VES:INTOX,F,160,4200,3,191.5(B) PC-GROSS VEH MANSLATR W/VES:INTOX,NA,NA,TRUE,NA,F_PC_191.5(B)
9186,191.5(D),PC,GR VEH MANSL W/INTOX W/PC,F,160,2350,3,191.5(D) PC-GRS VEH MANSL W/INTOX W/PRIOR CONV,NA,TRUE,TRUE,TRUE,F_PC_191.5(D)
9198,191.5(B),PC,VEH MANSL WHILE INTOXICAT,F,160,23250,3,191.5(B) PC-VEH MANSL WHILE INTOXICATED:WGN,NA,NA,TRUE,NA,F_PC_191.5(B)
9202,192.5(B),PC,VEH MNSL W/VES W/O GR NEG,F,160,23250,3,NA,NA,TRUE,TRUE,NA,F_PC_192.5(B)
9203,192.5(C),PC,V/MNSL:VESS WITH/GRS NEGL,F,160,11100,3,192.5(C) PC-VEH MNSL :VESSEL WITH/GRS NEGL,NA,NA,TRUE,NA,F_PC_192.5(C)
9011,192.1,PC,VOLUNTARY MANSLAUGHTER,F,0,4700,2,192.1 PC-VOLUNTARY MANSLAUGHTER,NA,TRUE,NA,NA,F_PC_192.1
9138,193(A),PC,VOLUNTARY MANSLAUGHTER,F,150,4700,2,193(A) PC-VOLUNTARY MANSLAUGHTER,NA,TRUE,NA,NA,F_PC_193(A)
9146,192(A),PC,VOLUNTARY MANSLAUGHTER,F,150,4700,2,192(A) PC-VOLUNTARY MANSLAUGHTER,NA,TRUE,NA,NA,F_PC_192(A)
9004,187,PC,MURDER,F,0,1300,1,187 PC-MURDER,NA,TRUE,NA,TRUE,F_PC_187
9005,187(A),PC,MURDER,F,100,1300,1,187(A) PC-MURDER,NA,TRUE,NA,TRUE,F_PC_187(A)
9006,189,PC,MURDER,F,100,1300,1,189 PC-MURDER,NA,TRUE,NA,TRUE,F_PC_189
9007,189,PC,MURDER:FIRST DEGREE,F,110,1200,1,189 PC-MURDER:FIRST DEGREE,NA,TRUE,NA,TRUE,F_PC_189
9008,189,PC,MURDER:SECOND DEGREE,F,120,2300,1,189 PC-MURDER:SECOND DEGREE,NA,TRUE,NA,TRUE,F_PC_189
9009,190,PC,MURDER,F,0,1300,1,190 PC-MURDER,NA,TRUE,NA,TRUE,F_PC_190
9032,187,PC,MURDER:FIRST DEGREE,F,0,1200,1,187 PC-MURDER:FIRST DEGREE,NA,TRUE,NA,TRUE,F_PC_187
9033,187,PC,MURDER:SECOND DEGREE,F,0,2300,1,187 PC-MURDER:SECOND DEGREE,NA,TRUE,NA,TRUE,F_PC_187
9051,187/190.2,PC,MURDER FIRST/SPEC CIRC,F,0,1200,1,187/190.2 PC-MURDER FIRST/SPEC CIRCUMSTANCE,NA,TRUE,NA,TRUE,F_PC_187/190.2
9154,187(A),PC,MURDER:FIRST DEGREE,F,110,1200,1,187(A) PC-MURDER:FIRST DEGREE,NA,TRUE,NA,TRUE,F_PC_187(A)
9155,187(A),PC,MURDER:SECOND DEGREE,F,120,2300,1,187(A) PC-MURDER:SECOND DEGREE,NA,TRUE,NA,TRUE,F_PC_187(A)
9174,187(A),PC,MURDER:SEC DEG ON PO,F,120,2200,1,187(A) PC-MURDER:SEC DEG ON PEACE OFFICER,NA,TRUE,NA,TRUE,F_PC_187(A)
9176,187(A),PC,MRDR:1ST DEG:SHOOT F/VEH,F,103,1220,1,187(A) PC-MURDER:FIRST DEG:SHOOT FROM VEHICLE,NA,TRUE,NA,TRUE,F_PC_187(A)
9197,187,PC,MRDR:DURING/ATTEMPT RAPE,F,100,1300,1,187 PC-MRDR:DURING/ATTEMPT RAPE,NA,TRUE,NA,TRUE,F_PC_187
38060,273AB,PC,ASAULT CHILD -8:GBI:DEATH,F,121,2215,1,273AB PC-CUSTODN/ETC ASAULT CHILD -8:GBI:DEATH,NA,TRUE,NA,TRUE,F_PC_273AB
38077,273AB(A),PC,ASSULT CHILD -8:GBI:DEATH,F,121,2215,1,273AB(A) PC-CUSTD/CARE:ASLT CHILD-8:GBI:DEATH,NA,TRUE,NA,TRUE,F_PC_273AB(A)
50010,128,PC,PERJ:INOCENT PRSN EXECUTD,F,110,1100,1,128 PC-PERJURY:INNOCENT PERSON EXECUTED,NA,TRUE,NA,TRUE,F_PC_128
52115,12310(A),PC,DSTRCT DEVIC CAUSNG DEATH,F,100,1700,1,12310(A) PC-DESTRUCTIVE DEVICE CAUSING DEATH,NA,TRUE,NA,NA,F_PC_12310(A)
52506,18755(A),PC,DSTRCT DEVICE CAUSE DEATH,F,100,1700,1,18755(A) PC-DESTRUCTIVE DEVICE CAUSING DEATH,NA,TRUE,NA,TRUE,F_PC_18755(A)
11039,12022.8,PC,GBI VICTIM OF SEX CRIME,N,NA,NA,NA,12022.8 PC-GBI ON VICTIM OF SEX CRIME,NA,NA,NA,TRUE,N_PC_12022.8
52013,12022.5,PC,W/USE OF FIREARM,N,NA,NA,NA,12022.5 PC-W/USE OF FIREARM,NA,TRUE,NA,TRUE,N_PC_12022.5
52125,12022.3,PC,POSS/USE DEAD WPN/SEX OFF,N,NA,NA,NA,12022.3 PC-POSS/USE DEAD WEAPON/SEX OFFENSE,NA,TRUE,NA,NA,N_PC_12022.3
52126,12022.3(A),PC,USE DEADLY WPN/SEX OFF,N,NA,NA,NA,12022.3(A) PC-USE DEADLY WEAPON/SEX OFFENSE,NA,TRUE,NA,TRUE,N_PC_12022.3(A)
52127,12022.3(B),PC,POSS DEADLY WPN/SEX OFF,N,NA,NA,NA,12022.3(B) PC-POSS DEADLY WEAPON/SEX OFFENSE,NA,TRUE,NA,NA,N_PC_12022.3(B)